model,rmse,mae,r2,accuracy,precision,recall,f1,positive_rate
Baseline linear regression,10.12175488797592,7.547620941370385,0.03931611538501267,,,,,
Improved linear regression,9.198042356073111,6.723643785891721,0.20665939394773958,,,,,
Logistic regression classification score >= 75,,,,0.6955867602808425,0.2803347280334728,0.6883561643835616,0.398414271555996,0.14648339520417378
