model,rmse,mae,r2,accuracy,precision_macro,recall_macro,f1_macro,precision_weighted,recall_weighted,f1_weighted,low_rate,medium_rate,high_rate
Mean score baseline,10.329463868315067,7.717587165107513,-0.0005169144241685686,,,,,,,,,,
Baseline linear regression,10.12175488797592,7.547620941370385,0.03931611538501267,,,,,,,,,,
Improved linear regression,9.174276402552405,6.728352022092616,0.21075377339594548,,,,,,,,,,
Logistic regression classification: low / medium / high score,,,,0.4448345035105316,0.43319949863548174,0.5057776642476236,0.430606040445255,0.5238700416875491,0.4448345035105316,0.45427755468911285,0.2877495735928564,0.5951640413364101,0.11708638507073342
