component,explained_variance_ratio
PC1,0.10991277617490858
PC2,0.07752066479266521
